{"videos": {"_type": "video-file", "sha256": "b3231ce9a043e54244cb493dad6e52bd5a04903c7927817a7c4c9372921428fa", "size": 3126252, "path": "media/videos/videos_0_b3231ce9a043e54244cb.mp4"}, "_timestamp": 1659023031.8811672, "_runtime": 466, "_step": 33, "global_step": 262144, "iteration": 32.0, "warmup_iterations": 9.0, "charts/learning_rate_0": 0.0003000000142492354, "losses/value_loss_0": 0.02390364184975624, "losses/policy_loss_0": -0.010649429634213448, "losses/entropy_0": 6.54939603805542, "losses/old_approx_kl_0": 0.021225441247224808, "losses/approx_kl_0": 0.01348633412271738, "losses/clipfrac_0": 0.14372558891773224, "losses/explained_variance_0": 0.9816340208053589, "charts/SPS": 53902.0, "charts/learning_rate_1": 0.0003000000142492354, "losses/value_loss_1": 0.019153263419866562, "losses/policy_loss_1": -0.014795328490436077, "losses/entropy_1": 6.331332683563232, "losses/old_approx_kl_1": 0.00989511888474226, "losses/approx_kl_1": 0.013012121431529522, "losses/clipfrac_1": 0.14298096299171448, "losses/explained_variance_1": 0.979428768157959, "charts/learning_rate_2": 0.0003000000142492354, "losses/value_loss_2": 0.0161695908755064, "losses/policy_loss_2": -0.009667530655860901, "losses/entropy_2": 6.545775890350342, "losses/old_approx_kl_2": 0.015561183914542198, "losses/approx_kl_2": 0.011167853139340878, "losses/clipfrac_2": 0.13616943359375, "losses/explained_variance_2": 0.9767650365829468, "evolutionary_iterations": 2.0}