{"videos": {"_type": "video-file", "sha256": "b86a0d8aec580de4e937d926cb31782cde3c91cb8f1f202cf4e8d23d132db1bd", "size": 3012898, "path": "media/videos/videos_0_b86a0d8aec580de4e937.mp4"}, "_timestamp": 1659022499.74445, "_runtime": 1339, "_step": 130, "global_step": 1064960, "charts/learning_rate_0": 0.0003000000142492354, "losses/value_loss_0": 0.03145526349544525, "losses/policy_loss_0": 0.0031040608882904053, "losses/entropy_0": -3.0074329376220703, "losses/old_approx_kl_0": 0.012566166929900646, "losses/approx_kl_0": 0.02850697748363018, "losses/clipfrac_0": 0.2763427793979645, "losses/explained_variance_0": 0.9882718324661255, "charts/SPS": 167920.0, "_wandb": {"runtime": 1339}}